event_type,event_time,symbol,trade_id,price,quantity,trade_time,is_buyer_maker
trade,2026-08-31 08:48:15.890,BTCUSDT,6639276615,78350.11,0.004,2026-08-31 08:48:15.890,False
trade,2026-08-31 08:48:16.116,BTCUSDT,6639276616,78350.11,0.00021,2026-08-31 08:48:16.116,False
trade,2026-08-31 08:48:16.116,BTCUSDT,6639276617,78350.11,0.00282,2026-08-31 08:48:16.116,False
trade,2026-08-31 08:48:16.124,BTCUSDT,6639276618,78350.11,0.00251,2026-08-31 08:48:16.124,False
trade,2026-08-31 08:48:16.148,BTCUSDT,6639276619,78350.11,0.00011,2026-08-31 08:48:16.147,False
trade,2026-08-31 08:48:16.182,BTCUSDT,6639276620,78350.1,0.004,2026-08-31 08:48:16.182,True
trade,2026-08-31 08:48:16.289,BTCUSDT,6639276621,78350.11,0.02553,2026-08-31 08:48:16.289,False
trade,2026-08-31 08:48:16.429,BTCUSDT,6639276622,78350.11,0.00117,2026-08-31 08:48:16.429,False
trade,2026-08-31 08:48:16.451,BTCUSDT,6639276623,78350.11,0.00013,2026-08-31 08:48:16.450,False
trade,2026-08-31 08:48:16.472,BTCUSDT,6639276624,78350.1,0.0003,2026-08-31 08:48:16.471,True
trade,2026-08-31 08:48:16.759,BTCUSDT,6639276625,78350.11,0.00136,2026-08-31 08:48:16.758,False
trade,2026-08-31 08:48:16.759,BTCUSDT,6639276626,78350.11,0.00264,2026-08-31 08:48:16.758,False
trade,2026-08-31 08:48:16.908,BTCUSDT,6639276627,78350.1,0.00903,2026-08-31 08:48:16.908,True
trade,2026-08-31 08:48:17.048,BTCUSDT,6639276628,78350.1,0.004,2026-08-31 08:48:17.048,True
trade,2026-08-31 08:48:17.072,BTCUSDT,6639276629,78350.11,0.02553,2026-08-31 08:48:17.072,False
trade,2026-08-31 08:48:17.082,BTCUSDT,6639276630,78350.11,0.00251,2026-08-31 08:48:17.081,False
trade,2026-08-31 08:48:17.366,BTCUSDT,6639276631,78350.11,0.00077,2026-08-31 08:48:17.365,False
trade,2026-08-31 08:48:17.554,BTCUSDT,6639276632,78350.11,0.0001,2026-08-31 08:48:17.553,False
trade,2026-08-31 08:48:17.621,BTCUSDT,6639276633,78350.11,0.004,2026-08-31 08:48:17.621,False
trade,2026-08-31 08:48:17.628,BTCUSDT,6639276634,78350.11,0.00251,2026-08-31 08:48:17.628,False
trade,2026-08-31 08:48:17.764,BTCUSDT,6639276635,78350.11,0.00128,2026-08-31 08:48:17.764,False
trade,2026-08-31 08:48:17.845,BTCUSDT,6639276636,78350.1,0.00202,2026-08-31 08:48:17.845,True
trade,2026-08-31 08:48:17.885,BTCUSDT,6639276637,78350.11,0.02553,2026-08-31 08:48:17.884,False
trade,2026-08-31 08:48:17.910,BTCUSDT,6639276638,78350.1,0.004,2026-08-31 08:48:17.910,True
trade,2026-08-31 08:48:17.993,BTCUSDT,6639276639,78350.11,0.00013,2026-08-31 08:48:17.993,False
trade,2026-08-31 08:48:18.239,BTCUSDT,6639276640,78350.11,0.04467,2026-08-31 08:48:18.239,False
trade,2026-08-31 08:48:18.248,BTCUSDT,6639276641,78350.11,0.00256,2026-08-31 08:48:18.248,False
trade,2026-08-31 08:48:18.284,BTCUSDT,6639276642,78350.11,0.00013,2026-08-31 08:48:18.284,False
trade,2026-08-31 08:48:18.490,BTCUSDT,6639276643,78350.11,0.004,2026-08-31 08:48:18.489,False
trade,2026-08-31 08:48:18.626,BTCUSDT,6639276644,78350.11,0.02553,2026-08-31 08:48:18.626,False
trade,2026-08-31 08:48:18.733,BTCUSDT,6639276645,78350.11,0.00251,2026-08-31 08:48:18.732,False
trade,2026-08-31 08:48:18.747,BTCUSDT,6639276646,78350.11,0.00903,2026-08-31 08:48:18.747,False
trade,2026-08-31 08:48:18.777,BTCUSDT,6639276647,78350.1,0.004,2026-08-31 08:48:18.777,True
trade,2026-08-31 08:48:18.859,BTCUSDT,6639276648,78350.11,0.0003,2026-08-31 08:48:18.858,False
trade,2026-08-31 08:48:19.303,BTCUSDT,6639276649,78350.11,0.01444,2026-08-31 08:48:19.303,False
trade,2026-08-31 08:48:19.303,BTCUSDT,6639276650,78350.11,0.01109,2026-08-31 08:48:19.303,False
trade,2026-08-31 08:48:19.309,BTCUSDT,6639276651,78350.11,0.00251,2026-08-31 08:48:19.309,False
trade,2026-08-31 08:48:19.354,BTCUSDT,6639276652,78350.11,0.004,2026-08-31 08:48:19.353,False
trade,2026-08-31 08:48:19.636,BTCUSDT,6639276653,78350.11,0.03131,2026-08-31 08:48:19.636,False
trade,2026-08-31 08:48:19.644,BTCUSDT,6639276654,78350.1,0.004,2026-08-31 08:48:19.643,True
trade,2026-08-31 08:48:19.930,BTCUSDT,6639276655,78350.11,0.00093,2026-08-31 08:48:19.929,False
trade,2026-08-31 08:48:19.930,BTCUSDT,6639276656,78350.11,0.00013,2026-08-31 08:48:19.929,False
trade,2026-08-31 08:48:19.930,BTCUSDT,6639276657,78350.11,0.00064,2026-08-31 08:48:19.929,False
trade,2026-08-31 08:48:19.930,BTCUSDT,6639276658,78350.11,8e-05,2026-08-31 08:48:19.929,False
trade,2026-08-31 08:48:19.930,BTCUSDT,6639276659,78350.11,7e-05,2026-08-31 08:48:19.929,False
trade,2026-08-31 08:48:19.930,BTCUSDT,6639276660,78350.11,7e-05,2026-08-31 08:48:19.929,False
trade,2026-08-31 08:48:19.930,BTCUSDT,6639276661,78350.11,0.0001,2026-08-31 08:48:19.929,False
trade,2026-08-31 08:48:19.937,BTCUSDT,6639276662,78350.11,0.00054,2026-08-31 08:48:19.937,False
trade,2026-08-31 08:48:19.937,BTCUSDT,6639276663,78350.11,7e-05,2026-08-31 08:48:19.937,False
trade,2026-08-31 08:48:19.937,BTCUSDT,6639276664,78350.11,7e-05,2026-08-31 08:48:19.937,False
trade,2026-08-31 08:48:19.937,BTCUSDT,6639276665,78350.11,7e-05,2026-08-31 08:48:19.937,False
trade,2026-08-31 08:48:19.937,BTCUSDT,6639276666,78350.11,7e-05,2026-08-31 08:48:19.937,False
trade,2026-08-31 08:48:19.937,BTCUSDT,6639276667,78350.11,7e-05,2026-08-31 08:48:19.937,False
trade,2026-08-31 08:48:19.937,BTCUSDT,6639276668,78350.11,7e-05,2026-08-31 08:48:19.937,False
trade,2026-08-31 08:48:19.937,BTCUSDT,6639276669,78350.11,7e-05,2026-08-31 08:48:19.937,False
trade,2026-08-31 08:48:19.937,BTCUSDT,6639276670,78350.11,7e-05,2026-08-31 08:48:19.937,False
trade,2026-08-31 08:48:19.937,BTCUSDT,6639276671,78350.11,0.00069,2026-08-31 08:48:19.937,False
trade,2026-08-31 08:48:19.937,BTCUSDT,6639276672,78350.11,0.00047,2026-08-31 08:48:19.937,False
trade,2026-08-31 08:48:19.937,BTCUSDT,6639276673,78350.11,0.00014,2026-08-31 08:48:19.937,False
trade,2026-08-31 08:48:19.937,BTCUSDT,6639276674,78350.11,7e-05,2026-08-31 08:48:19.937,False
trade,2026-08-31 08:48:19.937,BTCUSDT,6639276675,78350.11,4e-05,2026-08-31 08:48:19.937,False
trade,2026-08-31 08:48:20.034,BTCUSDT,6639276676,78350.11,0.00309,2026-08-31 08:48:20.034,False
trade,2026-08-31 08:48:20.034,BTCUSDT,6639276677,78350.11,7e-05,2026-08-31 08:48:20.034,False
trade,2026-08-31 08:48:20.034,BTCUSDT,6639276678,78350.11,7e-05,2026-08-31 08:48:20.034,False
trade,2026-08-31 08:48:20.034,BTCUSDT,6639276679,78350.11,0.0001,2026-08-31 08:48:20.034,False
trade,2026-08-31 08:48:20.034,BTCUSDT,6639276680,78350.11,7e-05,2026-08-31 08:48:20.034,False
trade,2026-08-31 08:48:20.034,BTCUSDT,6639276681,78350.11,7e-05,2026-08-31 08:48:20.034,False
trade,2026-08-31 08:48:20.034,BTCUSDT,6639276682,78350.11,8e-05,2026-08-31 08:48:20.034,False
trade,2026-08-31 08:48:20.034,BTCUSDT,6639276683,78350.11,0.00095,2026-08-31 08:48:20.034,False
trade,2026-08-31 08:48:20.034,BTCUSDT,6639276684,78350.11,0.02102,2026-08-31 08:48:20.034,False
trade,2026-08-31 08:48:20.220,BTCUSDT,6639276685,78350.11,1e-05,2026-08-31 08:48:20.220,False
trade,2026-08-31 08:48:20.220,BTCUSDT,6639276686,78350.11,0.00399,2026-08-31 08:48:20.220,False
trade,2026-08-31 08:48:20.240,BTCUSDT,6639276687,78350.11,0.00055,2026-08-31 08:48:20.239,False
trade,2026-08-31 08:48:20.508,BTCUSDT,6639276688,78350.1,0.004,2026-08-31 08:48:20.508,True
trade,2026-08-31 08:48:20.746,BTCUSDT,6639276689,78350.11,0.00084,2026-08-31 08:48:20.746,False
trade,2026-08-31 08:48:20.754,BTCUSDT,6639276690,78350.11,0.00875,2026-08-31 08:48:20.753,False
trade,2026-08-31 08:48:20.754,BTCUSDT,6639276691,78350.11,0.01678,2026-08-31 08:48:20.754,False
trade,2026-08-31 08:48:20.760,BTCUSDT,6639276692,78350.11,0.00251,2026-08-31 08:48:20.760,False
trade,2026-08-31 08:48:21.087,BTCUSDT,6639276693,78350.11,0.004,2026-08-31 08:48:21.086,False
trade,2026-08-31 08:48:21.130,BTCUSDT,6639276694,78350.11,0.28169,2026-08-31 08:48:21.129,False
trade,2026-08-31 08:48:21.130,BTCUSDT,6639276695,78350.11,7e-05,2026-08-31 08:48:21.129,False
trade,2026-08-31 08:48:21.130,BTCUSDT,6639276696,78350.11,7e-05,2026-08-31 08:48:21.129,False
trade,2026-08-31 08:48:21.130,BTCUSDT,6639276697,78350.11,7e-05,2026-08-31 08:48:21.129,False
trade,2026-08-31 08:48:21.130,BTCUSDT,6639276698,78350.11,7e-05,2026-08-31 08:48:21.129,False
trade,2026-08-31 08:48:21.130,BTCUSDT,6639276699,78350.11,7e-05,2026-08-31 08:48:21.129,False
trade,2026-08-31 08:48:21.130,BTCUSDT,6639276700,78350.11,7e-05,2026-08-31 08:48:21.129,False
trade,2026-08-31 08:48:21.130,BTCUSDT,6639276701,78350.11,8e-05,2026-08-31 08:48:21.129,False
trade,2026-08-31 08:48:21.130,BTCUSDT,6639276702,78350.11,7e-05,2026-08-31 08:48:21.129,False
trade,2026-08-31 08:48:21.130,BTCUSDT,6639276703,78350.11,7e-05,2026-08-31 08:48:21.129,False
trade,2026-08-31 08:48:21.130,BTCUSDT,6639276704,78350.11,7e-05,2026-08-31 08:48:21.129,False
trade,2026-08-31 08:48:21.130,BTCUSDT,6639276705,78350.11,7e-05,2026-08-31 08:48:21.129,False
trade,2026-08-31 08:48:21.130,BTCUSDT,6639276706,78350.11,0.0001,2026-08-31 08:48:21.129,False
trade,2026-08-31 08:48:21.130,BTCUSDT,6639276707,78350.11,7e-05,2026-08-31 08:48:21.129,False
trade,2026-08-31 08:48:21.130,BTCUSDT,6639276708,78350.11,0.00064,2026-08-31 08:48:21.129,False
trade,2026-08-31 08:48:21.130,BTCUSDT,6639276709,78350.11,0.00013,2026-08-31 08:48:21.129,False
trade,2026-08-31 08:48:21.130,BTCUSDT,6639276710,78350.11,8e-05,2026-08-31 08:48:21.129,False
trade,2026-08-31 08:48:21.130,BTCUSDT,6639276711,78350.11,7e-05,2026-08-31 08:48:21.129,False
trade,2026-08-31 08:48:21.130,BTCUSDT,6639276712,78350.11,7e-05,2026-08-31 08:48:21.129,False
trade,2026-08-31 08:48:21.130,BTCUSDT,6639276713,78350.11,0.00054,2026-08-31 08:48:21.129,False
trade,2026-08-31 08:48:21.130,BTCUSDT,6639276714,78350.11,7e-05,2026-08-31 08:48:21.129,False
